[
  {
    "id": "7897ad23-371a-4879-8511-37ffbe74b725",
    "data": [
      {
        "text": "What\u0027s up",
        "userDefined": false
      }
    ],
    "isTemplate": false,
    "count": 0,
    "updated": 1528165001
  },
  {
    "id": "731381f3-53c2-445b-aaa4-3bad64eef331",
    "data": [
      {
        "text": "Hey",
        "userDefined": false
      }
    ],
    "isTemplate": false,
    "count": 0,
    "updated": 1528165001
  },
  {
    "id": "ab23a1e9-78ba-4665-bf98-355d10d4f514",
    "data": [
      {
        "text": "Hello",
        "userDefined": false
      }
    ],
    "isTemplate": false,
    "count": 0,
    "updated": 1528165001
  },
  {
    "id": "f823b96e-6ef1-47a1-8e43-5417f989698a",
    "data": [
      {
        "text": "Hi",
        "userDefined": false
      }
    ],
    "isTemplate": false,
    "count": 0,
    "updated": 1528165001
  }
]